,molecule_chembl_id,canonical_smiles,class,MW,LogP,NumHDonors,NumHAcceptors,pIC50
51,CHEMBL1140,NC(=O)c1cccnc1,inactive,122.127,0.1805,1,2,3.677780705
67,CHEMBL107738,Oc1nc2ccccc2c2cccnc12,inactive,196.209,2.4886,1,3,4.853871964
72,CHEMBL267373,NC(=O)c1ccccc1,inactive,121.139,0.7855,1,1,4.698970004
76,CHEMBL339059,NC(=O)c1ccc(Br)cc1,inactive,200.035,1.548,1,1,2.657577319
78,CHEMBL123617,NC(=O)c1ccc(O)cc1,inactive,137.138,0.4911,2,2,3.552841969
79,CHEMBL123572,Cc1cccc(C(N)=O)c1,inactive,135.166,1.09392,1,1,4.721246399
80,CHEMBL125596,NC(=O)c1ccc(F)cc1,inactive,139.129,0.9246,1,1,3.698970004
81,CHEMBL123205,CN(C)c1cccc(C(N)=O)c1,inactive,164.208,0.8515,1,2,3.920818754
83,CHEMBL123978,COc1cccc(C(N)=O)c1,inactive,151.165,0.7941,1,2,4.769551079
84,CHEMBL338567,NC(=O)c1cccc([N+](=O)[O-])c1,inactive,166.136,0.6937,1,3,3.795880017
85,CHEMBL121999,NC(=O)c1ccc(Cl)cc1,inactive,155.584,1.4389,1,1,3.522878745
87,CHEMBL332444,NC(=O)c1ccc(N)cc1,inactive,136.154,0.3677,2,2,2.744727495
88,CHEMBL81977,NC(=O)c1cccc(N)c1,inactive,136.154,0.3677,2,2,4.48148606
90,CHEMBL125759,NC(=O)c1cccc(F)c1,inactive,139.129,0.9246,1,1,4.698970004
93,CHEMBL419245,NC(=O)c1cccc(Cl)c1,inactive,155.584,1.4389,1,1,4.657577319
96,CHEMBL124706,Oc1nncc2ccccc12,inactive,146.149,1.3354,1,3,4.920818754
98,CHEMBL122690,NC(=O)c1cccc(Br)c1,inactive,200.035,1.548,1,1,4.259637311
101,CHEMBL46267,O=S(=O)([O-])c1ccc2c(c1)nc(O)c1cc(S(=O)(=O)[O-])ccc12.[Na+].[Na+],inactive,399.313,-5.0902,1,8,4
111,CHEMBL44692,O=C(O)c1cccc2c(O)nc3ccccc3c12,inactive,239.23,2.7918,2,3,4.22184875
121,CHEMBL47846,O=[N+]([O-])c1ccc2c(c1)nc(O)c1cc([N+](=O)[O-])ccc12,inactive,285.215,2.91,1,6,4.455931956
122,CHEMBL297200,O=S(=O)(NCC(c1ccccc1)c1ccccc1)c1ccc2nc(O)c3ccccc3c2c1,inactive,454.551,5.204,2,4,4.853871964
244,CHEMBL194404,CC1(C)CCC2N=C(CCCN3CC=C(c4ccccc4)CC3)NC(=O)C2C1,inactive,379.548,4.2791,1,3,5
259,CHEMBL421087,O=C1NC(=O)c2c1c1ccccc1c1[nH]c3ccccc3c21,inactive,286.29,3.3579,2,2,5
260,CHEMBL201728,O=C1NC(=O)c2c1c1c(c3sc4ccccc4c23)CCC1,inactive,293.347,3.4268,1,3,5
261,CHEMBL381460,O=C1NC(=O)c2c1c1c(c3oc4ccccc4c23)CCC1,inactive,277.279,2.9583,1,3,5
262,CHEMBL383830,CCCc1c2c(c3c([nH]c4ccccc43)c1CC)C(=O)NC2=O,inactive,306.365,3.7196,2,2,5
263,CHEMBL381303,O=C1NC(=O)c2c1c1c(c3[nH]c4ccccc4c23)CCCC1,inactive,290.322,3.0835,2,2,5
264,CHEMBL202426,O=C1NCc2c3c(c4[nH]c5ccccc5c4c21)CCC3,inactive,262.312,3.0532,2,1,5
266,CHEMBL370869,O=C1NC(=O)c2c1ccc1[nH]c3ccccc3c21,inactive,236.23,2.2047,2,2,5
267,CHEMBL202537,O=C1NC(=O)c2c1c1c(c3[nH]c4ccccc4c23)CCO1,inactive,278.267,2.1396,2,3,5
300,CHEMBL382430,CN1Cc2c(c3c(c4c2c2ccccc2n4C)CCC3)C1=O,inactive,290.366,3.4058,0,2,5
377,CHEMBL447363,Cc1nn(C)c2[nH]c3c(c(=O)c12)CSC3,inactive,221.285,1.31682,1,4,5
379,CHEMBL497382,Cc1nn(C)c2[nH]c3c(c(=O)c12)CCCC3,inactive,217.272,1.44882,1,3,5
384,CHEMBL522908,Cc1nn(-c2ccccc2)c2[nH]c(=O)c3c(c12)CSC3,inactive,283.356,2.76902,1,4,5
389,CHEMBL496112,Cc1nn(-c2ccccc2)c2[nH]c(=O)c3c(c12)CCC3,inactive,265.316,2.51092,1,3,5
390,CHEMBL498585,O=c1[nH]c2c(c(-c3ccccc3)nn2-c2ccccc2)c2c1CCC2,inactive,327.387,3.8695,1,3,5
395,CHEMBL497775,O=c1[nH]c2c(c(-c3ccccc3)nn2-c2ccccc2)c2c1CCCC2,inactive,341.414,4.2596,1,3,5
434,CHEMBL479355,NC(=O)c1c(F)ccc(F)c1OCc1ccc(F)c(C(=O)N2CCNCC2)c1,inactive,393.365,1.8272,2,4,5
443,CHEMBL516456,NC(=O)c1ccccc1OCCc1ccc(F)c(C(=O)N2CCNCC2)c1,inactive,371.412,1.5915,2,4,5
454,CHEMBL481803,NC(=O)c1cccc2cc(-c3ccccc3)c[n+]([O-])c12,inactive,264.284,2.2391,1,2,4.638272164
459,CHEMBL480428,N#Cc1ccc(-c2cnc3c(C(N)=O)cccc3c2)cc1,inactive,273.295,2.87238,1,3,4.568636236
460,CHEMBL480427,Cc1ccc(-c2cnc3c(C(N)=O)cccc3c2)cc1,inactive,262.312,3.30912,1,2,4.366531544
461,CHEMBL480233,COc1ccc(-c2cnc3c(C(N)=O)cccc3c2)cc1,inactive,278.311,3.0093,1,3,4.207608311
468,CHEMBL479635,NC(=O)c1cccc2cc(-c3cccc(C(F)(F)F)c3)cnc12,inactive,316.282,4.0195,1,2,4.283996656
469,CHEMBL450259,NC(=O)c1cccc2cc(-c3ccccc3)cnc12,inactive,248.285,3.0007,1,2,4.823908741
473,CHEMBL448447,CCOC(=O)CCC(=O)Nc1nc2c(s1)CCCC2,inactive,282.365,2.3037,1,5,4.90661334
568,CHEMBL127336,O=C1NCCc2c(OCCCCN3CCCCC3)cccc21,inactive,302.418,2.6174,1,3,4.965772739
574,CHEMBL595394,Cc1cccc2nc3c4ccccc4c(=O)[nH]c3n12,inactive,249.273,2.63742,1,3,4
575,CHEMBL594453,O=c1[nH]c2c(nc3ccc(Cl)cn32)c2ccccc12,inactive,269.691,2.9824,1,3,4.828273546
576,CHEMBL594679,O=c1[nH]c2c(nc3ccc(Br)cn32)c2ccccc12,inactive,314.142,3.0915,1,3,4.917573699
578,CHEMBL596092,Cc1cc(C)n2c(c1)nc1c3ccccc3c(=O)[nH]c12,inactive,263.3,2.94584,1,3,4
583,CHEMBL595164,COc1cc2nc3c4ccccc4c(=O)[nH]c3n2cn1,inactive,266.26,1.7326,1,5,4
767,CHEMBL1089020,CN(C)c1ccc(CCN2CCC(Oc3ccc4[nH]c(=O)c5c(c4c3)CCSC5)CC2)cc1,inactive,463.647,4.4693,1,5,5
817,CHEMBL1767054,O=C(Nc1cccc2c(=O)[nH]ccc12)c1ccccc1,inactive,264.284,2.7804,2,2,4.8569852
818,CHEMBL1767049,Cc1ccc(C(=O)Nc2cccc3c(=O)[nH]ccc23)cc1,inactive,278.311,3.08882,2,2,4.872895202
820,CHEMBL1767048,O=C(Nc1cccc2c(=O)[nH]ccc12)c1ccc(C(F)(F)F)cc1,inactive,332.281,3.7992,2,2,4.970616222
821,CHEMBL1767050,O=C(Nc1cccc2c(=O)[nH]ccc12)c1ccc(F)cc1,inactive,282.274,2.9195,2,2,4.744727495
822,CHEMBL1767051,O=C(Nc1cccc2c(=O)[nH]ccc12)c1ccc(Cl)cc1,inactive,298.729,3.4338,2,2,4.950781977
824,CHEMBL1767055,Cc1ccccc1C(=O)Nc1cccc2c(=O)[nH]ccc12,inactive,278.311,3.08882,2,2,4.500312917
826,CHEMBL1767058,O=C(Nc1cccc2c(=O)[nH]ccc12)c1cccs1,inactive,270.313,2.8419,2,3,4.649751982
827,CHEMBL1767059,O=C(Nc1cccc2c(=O)[nH]ccc12)C1CCCCC1,inactive,270.332,3.0469,2,2,4.096910013
828,CHEMBL1767060,CC(C)(C)C(=O)Nc1cccc2c(=O)[nH]ccc12,inactive,244.294,2.5127,2,2,4
829,CHEMBL1765110,O=C(Nc1cccc2c(=O)[nH]ccc12)C12CC3CC(CC(C3)C1)C2,inactive,322.408,3.683,2,2,4.301029996
830,CHEMBL1767061,Cc1cc2c(NC(=O)c3ccccc3)cccc2c(=O)[nH]1,inactive,278.311,3.08882,2,2,4.779891912
831,CHEMBL1767062,O=C(O)c1cccc2c(=O)[nH]ccc12,inactive,189.17,1.2263,2,2,4.602059991
839,CHEMBL1813879,O=C(Nc1ccc(Oc2cc3ccccc3cc2Br)c(Cl)c1)c1cc(Cl)cc(Cl)c1O,inactive,537.624,8.3127,2,3,3.910094889
840,CHEMBL115114,O=C(Nc1cc(Cl)ccc1Oc1ccc2ccccc2c1Cl)c1cc(Cl)cc(Br)c1O,inactive,537.624,8.3127,2,3,4.657577319
841,CHEMBL1813880,Cc1ccc(C(C)C)c(Br)c1Oc1ccc(Cl)cc1NC(=O)c1cc(Cl)cc(Br)c1O,inactive,588.123,8.70042,2,3,4.107905397
842,CHEMBL1813881,O=C(Nc1ccc(Oc2ccc3ccccc3c2)c(Cl)c1)c1cc(Cl)cc(Cl)c1O,inactive,458.728,7.5502,2,3,3.920818754
843,CHEMBL1813887,O=C(O)c1ccccc1C(=O)Nc1ccc(Oc2ccc3ccccc3c2)c(Cl)c1,inactive,417.848,6.236,2,3,4.180456064
844,CHEMBL1814050,O=C(Nc1ccccc1Cl)c1cc(Cl)cc(Cl)c1O,inactive,316.571,4.6047,2,2,3.301029996
845,CHEMBL1814051,O=C(Nc1cccc(Cl)c1)c1cc(Cl)cc(Cl)c1O,inactive,316.571,4.6047,2,2,3.301029996
846,CHEMBL1230692,Nc1ncnc2c1ncn2[C@@H]1O[C@H](COP(=O)(O)OP(=O)(O)OC[C@H]2NC[C@H](O)[C@@H]2O)[C@@H](O)[C@H]1O,inactive,542.335,-3.0281,8,16,3
847,CHEMBL1829335,C[C@@H]1CCCN1CCCOc1ccc(-c2ccc(=O)[nH]n2)cc1,inactive,313.401,2.6901,1,4,4.522878745
876,CHEMBL1949842,Cc1cccc2nc[nH]c(=O)c12,inactive,160.176,1.23152,1,2,4.602059991
878,CHEMBL1949844,O=c1[nH]cnc2ccc(Cl)cc12,inactive,180.594,1.5765,1,2,4.95939766
879,CHEMBL1949845,O=c1[nH]cnc2ccc(I)cc12,inactive,272.045,1.5277,1,2,4.602059991
880,CHEMBL1949846,O=c1[nH]cnc2ccc(O)cc12,inactive,162.148,0.6287,2,3,4.602059991
881,CHEMBL1949847,Cc1ccc2nc[nH]c(=O)c2c1,inactive,160.176,1.23152,1,2,4.602059991
882,CHEMBL1373905,O=[N+]([O-])c1ccc2ncnc(O)c2c1,inactive,191.146,1.2436,1,5,4.602059991
883,CHEMBL1949848,Nc1ccc2nc[nH]c(=O)c2c1,inactive,161.164,0.5053,2,3,4.602059991
885,CHEMBL1949851,Cc1ccc2c(=O)[nH]cnc2c1,inactive,160.176,1.23152,1,2,4.602059991
886,CHEMBL1949854,O=c1[nH]cnc2c(F)cccc12,inactive,164.139,1.0622,1,2,4.726535727
888,CHEMBL1949856,O=c1[nH]cnc2c(C(F)(F)F)cccc12,inactive,214.146,1.9419,1,2,4.602059991
894,CHEMBL1949864,Cc1cc(C)c2nc(C)[nH]c(=O)c2c1,inactive,188.23,1.84836,1,2,4.879097182
898,CHEMBL1552719,COc1ccc(-n2c(SCc3nc(-c4ccc(C)cc4)no3)nnc2-c2ccncc2)cc1,inactive,456.531,4.98862,0,9,4.721246399
900,CHEMBL1867804,COc1ccc(-n2c(C)nnc2SCc2nc(-c3ccc(OC)c(OC)c3)no2)cc1,inactive,439.497,3.94382,0,10,4.721246399
901,CHEMBL1898239,COc1ccc(-c2noc(CSc3nnc(C)n3-c3ccc(OC)cc3)n2)cc1,inactive,409.471,3.93522,0,9,4.721246399
902,CHEMBL562310,O=C(Nc1cccc2cccnc12)c1ccc(N2C(=O)[C@H]3[C@H]4C=C[C@H](C4)[C@H]3C2=O)cc1,inactive,409.445,3.7986,1,4,4.728158393
932,CHEMBL2322615,O=C(NC1CNC(=O)c2ccccc21)c1cccc(Cc2n[nH]c(=O)c3ccccc23)c1,inactive,424.46,2.7284,3,4,3.836391437
933,CHEMBL2322614,O=C(NC1CNC(=O)c2ccccc21)c1cc(Cc2n[nH]c(=O)c3ccccc23)ccc1F,inactive,442.45,2.8675,3,4,4.063787956
934,CHEMBL2322613,CN(C(=O)c1cc(Cc2n[nH]c(=O)c3ccccc23)ccc1F)C1CC(=O)c2ccccc21,inactive,441.462,4.0527,1,4,4.949620244
937,CHEMBL2323532,O=C(NC1CC(=O)c2ccccc21)c1cc(Cc2n[nH]c(=O)c3ccccc23)ccc1F,inactive,427.435,3.7105,2,4,4.076238039
938,CHEMBL2323531,NC1CC2c3c(cccc31)CCN2C(=O)c1cc(Cc2n[nH]c(=O)c3ccccc23)ccc1F,inactive,454.505,3.7961,2,4,4.11577123
940,CHEMBL2323227,O=C(c1cc(Cc2n[nH]c(=O)c3ccccc23)ccc1F)N1CCc2cccc3c2C1CC3O,inactive,455.489,3.8297,2,4,4.064492734
942,CHEMBL2323225,O=C1CC2c3c(cccc3N1)CCN2C(=O)c1cc(Cc2n[nH]c(=O)c3ccccc23)ccc1F,inactive,468.488,3.7348,2,4,3.412289035
944,CHEMBL2323223,O=C(c1cc(Cc2n[nH]c(=O)c3ccccc23)ccc1F)N1CCc2cccc3c2C1CNC3,inactive,454.505,3.4958,2,4,3.806875402
952,CHEMBL2322616,O=C(CN1CCc2cccc3c2C1CNC3=O)N[C@H](Cc1ccccc1)C(=O)N1CC=C(c2ccc(F)cc2)CC1,inactive,552.65,3.5117,2,4,5
961,CHEMBL2323538,O=C1NCC2c3c(cccc31)CCN2CC(=O)N1CCn2c(nnc2C(F)(F)F)C1,inactive,420.395,0.9819,1,6,5
965,CHEMBL16861,Cc1ccc(-c2cc(=O)c3ccccc3o2)cc1,inactive,236.27,3.76842,0,2,4.589999963
966,CHEMBL53738,O=c1cc(-c2ccc(F)cc2)oc2ccccc12,inactive,240.233,3.5991,0,2,5
970,CHEMBL16751,COc1ccc(-c2cc(=O)c3ccc(O)cc3o2)cc1,inactive,268.268,3.1742,1,4,4
973,CHEMBL28,O=c1cc(-c2ccc(O)cc2)oc2cc(O)cc(O)c12,inactive,270.24,2.5768,3,5,4
987,CHEMBL2381633,Cc1cc(=O)[nH]c2cc(-c3ccccc3F)ccc12,inactive,253.276,3.64262,1,1,5
988,CHEMBL2381946,CC1(C)OC(=O)N([C@H]2CC[C@H](n3c(=O)[nH]c4c(F)c(C#N)ccc43)CC2)[C@H]1c1ccccc1,inactive,448.498,4.79618,1,5,4.070581074
989,CHEMBL2381945,CC1(C)OC(=O)N([C@H]2CC[C@H](n3c(=O)[nH]c4cc(C#N)c(F)cc43)CC2)[C@H]1c1ccccc1,inactive,448.498,4.79618,1,5,4.070581074
990,CHEMBL2381936,CC1(C)OC(=O)N([C@H]2CC[C@H](NC(=O)c3ccnc4cc(F)cnc34)CC2)[C@H]1c1ccccc1,inactive,462.525,4.782,1,5,4.070581074
991,CHEMBL2381958,CC1(C)OC(=O)N(c2ccc(C(=O)Nc3cccc4cccnc34)cc2)[C@H]1c1ccccc1,inactive,437.499,5.9636,1,4,5
1025,CHEMBL2419697,O=C(CN1CCC(C(=O)c2ccc(F)cc2)CC1)NCc1nc2c(c(=O)[nH]1)COCC2,inactive,428.464,1.1928,2,6,4.982966661
1026,CHEMBL2419716,O=C(CCc1ccccc1)N(Cc1ccsc1)Cc1nc2c(c(=O)[nH]1)COCC2,inactive,409.511,3.0657,1,5,4.147520006
1027,CHEMBL2419711,O=C(CCc1ccccc1)N(Cc1nc2ccccc2c(=O)[nH]1)Cc1cccs1,inactive,403.507,4.1462,1,4,4.739928612
1028,CHEMBL2419891,O=c1[nH]c(-c2ccc(C(F)(F)F)cc2)nc2c1CCCC2,inactive,294.276,3.3345,1,2,4.950781977
1029,CHEMBL2419889,O=c1[nH]c(-c2ccc(C(F)(F)F)cc2)nc2c1SCCC2,inactive,312.316,3.494,1,3,4.978810701
1030,CHEMBL2419706,COc1ccc(C(=O)C2CCN(CC(=O)N(Cc3nc4c(c(=O)[nH]3)COCC4)CC3CC3)CC2)cc1,inactive,494.592,2.1847,1,7,4.721246399
1031,CHEMBL2419703,CCN(Cc1nc2c(c(=O)[nH]1)COCC2)C(=O)CN1CCC(C(=O)c2ccc(F)cc2)CC1,inactive,456.518,1.9251,1,6,4.721246399
1032,CHEMBL2419702,CCCN(Cc1nc2c(c(=O)[nH]1)COCC2)C(=O)CN1CCC(C(=O)c2ccc(F)cc2)CC1,inactive,470.545,2.3152,1,6,4.721246399
1033,CHEMBL2419701,CC(C)CN(Cc1nc2c(c(=O)[nH]1)COCC2)C(=O)CN1CCC(C(=O)c2ccc(F)cc2)CC1,inactive,484.572,2.5612,1,6,4.721246399
1034,CHEMBL2419700,O=C(c1ccc(F)cc1)C1CCN(CC(=O)N(Cc2ccccn2)Cc2nc3c(c(=O)[nH]2)COCC3)CC1,inactive,519.577,2.5004,1,7,4.721246399
1035,CHEMBL2419699,O=C(c1ccc(F)cc1)C1CCN(CC(=O)N(Cc2ccccc2)Cc2nc3c(c(=O)[nH]2)COCC3)CC1,inactive,518.589,3.1054,1,6,4.721246399
1036,CHEMBL2419696,COc1cc(Cl)c(C#N)cc1C(=O)NCCN1CCC(C(=O)c2ccc(F)cc2)CC1,inactive,443.906,3.68408,1,5,4.721246399
1037,CHEMBL2419893,O=c1[nH]c(-c2ccc(C(F)(F)F)cc2)nc2c1COCC2,inactive,296.248,2.5284,1,3,4.721246399
1038,CHEMBL2419890,O=C1NC(c2ccc(C(F)(F)F)cc2)=NC2CSCC12,inactive,300.305,2.3134,1,3,4.721246399
1039,CHEMBL2425813,O=C(CCc1ccc(Cl)cc1Cl)Nc1nnc2n1CCS2,inactive,343.239,3.2619,1,5,4.721246399
1040,CHEMBL2425812,O=C(CCc1cccc(Cl)c1Cl)Nc1nnc2n1CCS2,inactive,343.239,3.2619,1,5,4.721246399
1041,CHEMBL2425810,O=C(CCc1c(Cl)cccc1Cl)Nc1nnc2n1CCS2,inactive,343.239,3.2619,1,5,4.721246399
1042,CHEMBL1707591,CC(C)CC(=O)Nc1nnc2n1CCS2,inactive,226.305,1.3684,1,5,4.257274869
1044,CHEMBL2431867,CC(C)c1ccc(-c2cc(=O)c3ccccc3o2)cc1,inactive,264.324,4.5834,0,2,4.719999936
1046,CHEMBL1891423,Oc1ncnc2ccsc12,inactive,152.178,1.3969,1,4,4.853871964
1077,CHEMBL3099718,CC1(C)OC(=O)N([C@H]2CC[C@H](c3cnc(N)c(C#N)c3)CC2)[C@H]1c1ccccc1,inactive,390.487,4.53378,1,5,4.070581074
1078,CHEMBL3099716,CC1(C)OC(=O)N([C@H]2CC[C@H](c3cnc(N)c(-c4ncccn4)c3)CC2)[C@H]1c1ccccc1,inactive,443.551,5.1191,1,6,4.070581074
1079,CHEMBL3099720,CC1(C)OC(=O)N(c2ccc(-c3cnc(N)c(-c4ncccn4)c3)cc2)[C@H]1c1ccccc1,inactive,437.503,5.2643,1,6,4.070581074
1151,CHEMBL3238252,Cc1cc(NCCc2ccc(O)cc2)c2nncn2n1,inactive,269.308,1.79292,2,6,5
1157,CHEMBL3291316,Cn1c(C(=O)N2CCN(Cc3ccc([N+](=O)[O-])cc3)CC2)cc2[nH]c(=O)c3ccccc3c21,inactive,445.479,2.886,1,6,5
1166,CHEMBL3291325,CN1CCN(C(=O)c2cc3c(n2C)-c2ccccc2C(=O)NC3)CC1,inactive,338.411,1.3231,1,4,5
1169,CHEMBL3291328,CN1CCCN(C(=O)c2cc3c(n2C)-c2ccccc2C(=O)NC3)CC1,inactive,352.438,1.7132,1,4,5
1179,CHEMBL3290458,Cc1cc2c(c(C(N)=O)c1)OC(C)C2,inactive,191.23,1.41732,1,2,4.602059991
1182,CHEMBL3290455,CC1Cc2cccc(C(N)=O)c2O1,inactive,177.203,1.1089,1,2,4.981299501
1183,CHEMBL3290454,NC(=O)c1cc(N)cc2c1OCC2,inactive,178.191,0.3026,2,3,4.602059991
1184,CHEMBL3290453,NC(=O)c1cc([N+](=O)[O-])cc2c1OCC2,inactive,208.173,0.6286,1,4,4.602059991
1185,CHEMBL3290452,NC(=O)c1cc(Br)cc2c1OCC2,inactive,242.072,1.4829,1,2,4.602059991
1190,CHEMBL3290462,CC1Cc2cc([N+](=O)[O-])cc(C(N)=O)c2O1,inactive,222.2,1.0171,1,4,4.602059991
1191,CHEMBL3290463,CC1Cc2cc(N)cc(C(N)=O)c2O1,inactive,192.218,0.6911,2,3,4.602059991
1195,CHEMBL3290467,NC(=O)c1cccc2c1OCC2=O,inactive,177.159,0.3606,1,3,4.790484985
1196,CHEMBL3290468,NC(=O)c1cccc2c1O/C(=C\c1ccccc1)C2=O,inactive,265.268,2.4017,1,3,4.920095532
1201,CHEMBL3290473,NC(=O)c1cccc2c1O/C(=C\c1ccccc1O)C2=O,inactive,281.267,2.1073,2,4,5
1206,CHEMBL3290478,NC(=O)c1cccc2c1O/C(=C\c1cc(O)cc(O)c1)C2=O,inactive,297.266,1.8129,3,5,5
1207,CHEMBL3290479,NC(=O)c1cccc2c1O/C(=C\c1cc(O)ccc1O)C2=O,inactive,297.266,1.8129,3,5,5
1208,CHEMBL3290480,NC(=O)c1cccc2c1O/C(=C\c1cccc(OCCN3CCOCC3)c1)C2=O,inactive,394.427,2.1127,1,6,5
1209,CHEMBL3290481,NC(=O)c1cccc2c1O/C(=C\c1cccc(OCCN3CCCCC3)c1)C2=O,inactive,392.455,3.2664,1,5,5
1242,CHEMBL3414761,NC(=O)c1ccc(NC(=O)/C=C\C(=O)O)cc1,inactive,234.211,0.3648,3,3,4.698970004
1243,CHEMBL3414759,Cc1ccc(C(N)=O)cc1NC(=O)/C=C\C(=O)O,inactive,248.238,0.67322,3,3,4.698970004
1244,CHEMBL3414760,COc1ccc(C(N)=O)cc1NC(=O)/C=C\C(=O)O,inactive,264.237,0.3734,3,4,4.698970004
1245,CHEMBL3414757,COc1cc(NC(=O)/C=C\C(=O)O)cc(C(N)=O)c1,inactive,264.237,0.3734,3,4,4.698970004
1253,CHEMBL3414769,CC1=C(C)C(=O)N(c2cccc(C(N)=O)c2)C1=O,inactive,244.25,0.9951,1,3,4.978810701
1276,CHEMBL3589258,Cc1ccc(-c2cc3cnccc3c(=O)[nH]2)cc1,inactive,236.274,2.89852,1,2,4.366531544
1282,CHEMBL3594137,CC(C)(C)c1ccc(C2NC(=O)c3ccccc3N2)cc1,inactive,280.371,3.8382,2,2,4
1283,CHEMBL3594136,CC(C)c1ccc(C2NC(=O)c3ccccc3N2)cc1,inactive,266.344,3.6641,2,2,4
1286,CHEMBL3593804,CC(=O)Nc1ccccc1COc1ccc(-c2ccc(-c3nc4c(C(=O)O)cc(C)cc4[nH]3)cc2)cc1,inactive,491.547,6.44092,3,4,4.973466735
1287,CHEMBL3593806,CC(=O)Nc1ccc(COc2ccc(-c3ccc(-c4nc5c(C(=O)O)cc(C)cc5[nH]4)cc3)cc2)cc1,inactive,491.547,6.44092,3,4,4.356547324
1293,CHEMBL3593983,Cc1cc(C(N)=O)c2nc(-c3ccc(-c4ccc(C(=O)N5CCCC5)nc4)cc3)[nH]c2c1,inactive,425.492,3.93522,2,4,4.769551079
1297,CHEMBL3593986,CC(=O)Nc1ccc(-c2ccc(-c3nc4c(C(N)=O)cccc4[nH]3)cc2)cc1,inactive,370.412,3.9542,3,3,4.795880017
1322,CHEMBL3605999,NC(=O)c1cccc2c1C(=O)N(C1CCN(Cc3ccccc3Br)CC1)C2,inactive,428.33,3.1684,1,3,5
1327,CHEMBL3606007,NC(=O)c1cccc2c1C(=O)N(C1CCN(Cc3cccnc3)CC1)C2,inactive,350.422,1.8009,1,4,4.872895202
1343,CHEMBL3617770,CC(C)NCc1ccc(-c2[nH]c3cccc4c3c2C(=O)NNC4=O)cc1,inactive,348.406,2.7211,4,3,4.947229131
1345,CHEMBL3616846,NCc1nc2sc3c(c2c(=O)[nH]1)CCC3,inactive,221.285,0.932,2,4,4.769551079
1346,CHEMBL1688212,O=C1NCCc2ccccc21,inactive,147.177,0.9725,1,1,4
1347,CHEMBL3629672,O=C1NCCc2ccc(F)cc21,inactive,165.167,1.1116,1,1,4
1348,CHEMBL3416132,O=C1NCCc2ccc(Cl)cc21,inactive,181.622,1.6259,1,1,4
1349,CHEMBL3629673,O=C1NCCc2ccc(Br)cc21,inactive,226.073,1.735,1,1,4
1350,CHEMBL3629674,Cc1ccc2c(c1)C(=O)NCC2,inactive,161.204,1.28092,1,1,4
1351,CHEMBL3629675,O=C1NCCc2ccc(C(F)(F)F)cc21,inactive,215.174,1.9913,1,1,4
1352,CHEMBL3629677,COc1ccc2c(c1)C(=O)NCC2,inactive,177.203,0.9811,1,2,4
1362,CHEMBL3752386,COc1ccc(C2(CNC(=O)c3ccc(NC(=O)c4ccco4)cc3Cl)CCOCC2)cc1,inactive,468.937,4.6721,2,5,4
1363,CHEMBL3752492,COc1ccc(C(=O)Nc2ccc(C(=O)N(c3ccncn3)c3ccccc3Cl)cc2)cc1,inactive,458.905,5.3694,1,5,4.113509275
1425,CHEMBL2419892,O=c1[nH]c(-c2ccc(C(F)(F)F)cc2)nc2ccccc12,inactive,290.244,3.6089,1,2,4
1426,CHEMBL1163173,O=c1[nH]c(-c2ccc(Cl)cc2)nc2ccccc12,inactive,256.692,3.2435,1,2,4
1427,CHEMBL2058057,O=c1[nH]c(-c2ccc(Br)cc2)nc2ccccc12,inactive,301.143,3.3526,1,2,4
1428,CHEMBL18688,Oc1nc(-c2ccc(F)cc2)nc2ccccc12,inactive,240.237,3.1415,1,3,4
1429,CHEMBL1164165,O=c1[nH]c(-c2ccc([N+](=O)[O-])cc2)nc2ccccc12,inactive,267.244,2.4983,1,4,5
1433,CHEMBL3828579,O=C(NCc1ccc(-c2nc3ccccc3c(=O)[nH]2)cc1)OCc1ccccc1,inactive,385.423,4.0165,2,4,5
1434,CHEMBL126871,COc1cccc2c(O)nc(-c3ccccc3)nc12,inactive,252.273,3.011,1,4,5
1436,CHEMBL123798,COc1cccc2c(O)nc(-c3ccc(C(F)(F)F)cc3)nc12,inactive,320.27,4.0298,1,4,4
1437,CHEMBL3098936,COc1cccc2c(=O)[nH]c(-c3ccc(Cl)cc3)nc12,inactive,286.718,3.2521,1,3,5
1438,CHEMBL3827963,COc1cccc2c(=O)[nH]c(-c3ccc(Br)cc3)nc12,inactive,331.169,3.3612,1,3,4
1439,CHEMBL3827770,COc1cccc2c(=O)[nH]c(-c3ccc(F)cc3)nc12,inactive,270.263,2.7378,1,3,5
1440,CHEMBL125154,COc1cccc2c(O)nc(-c3ccc([N+](=O)[O-])cc3)nc12,inactive,297.27,2.9192,1,6,5
1666,CHEMBL3897483,COc1ccc(C(=O)C2CCN([C@H]3CCN(Cc4nc5c(c(=O)[nH]4)COCC5)C3=O)CC2)cc1,inactive,466.538,1.547,1,7,4.677780705
1667,CHEMBL3945237,COc1ccc(C(=O)C2CCN(C3CCN(Cc4nc5c(cnn5C)c(=O)[nH]4)C3=O)CC2)cc1,inactive,464.526,1.361,1,8,4.721246399
1668,CHEMBL3941919,O=C(c1ccc(Cl)cc1)C1CCN(C2CCN(Cc3nc4c(c(=O)[nH]3)COCC4)C2=O)CC1,inactive,470.957,2.1918,1,6,4.779891912
1669,CHEMBL3956961,O=C(c1ccc(F)cc1)C1CCN(C2CCN(Cc3nc4c(c(=O)[nH]3)COCC4)C2=O)CC1,inactive,454.502,1.6775,1,6,4.627087997
1670,CHEMBL3929392,O=C(c1ccc(F)cc1)C1CCN([C@H]2CCN(Cc3nc4c(c(=O)[nH]3)COCC4)C2=O)CC1,inactive,454.502,1.6775,1,6,4.427128398
1671,CHEMBL3918110,COc1ccc(C(=O)C2CCN([C@H]3CCN(Cc4nc5c(c(=O)[nH]4)COCC5)C3=O)CC2)cc1C,inactive,480.565,1.85542,1,7,4.619788758
1672,CHEMBL3927023,COc1ccc(C(=O)C2CCN(C3CCN(Cc4nc5c(c(=O)[nH]4)CCC5)C3=O)CC2)cc1,inactive,450.539,1.963,1,6,4.528708289
1673,CHEMBL3900374,CCc1cc(=O)[nH]c(CN2CCC(N3CCC(C(=O)c4ccc(OC)cc4)CC3)C2=O)n1,inactive,438.528,2.0367,1,6,4.721246399
1674,CHEMBL3931845,COc1ccc(C(=O)C2CCN(C3CCN(Cc4ncc(C)c(=O)[nH]4)C3=O)CC2)cc1,inactive,424.501,1.78272,1,6,4.721246399
1675,CHEMBL3909379,COc1ccc(C(=O)C2CCN(C3CCN(Cc4nc(C)c(C)c(=O)[nH]4)C3=O)CC2)cc1,inactive,438.528,2.09114,1,6,4.721246399
1676,CHEMBL3921853,COc1ccc(C(=O)C2CCN([C@H]3CCN(Cc4nc5ccccc(=O)c5[nH]4)C3=O)CC2)cc1C,inactive,474.561,2.93592,1,6,4.694648631
1677,CHEMBL4111286,COc1ccc(C(=O)C2CCN([C@@H]3CCN(Cc4nc5ccccc(=O)c5[nH]4)C3=O)CC2)cc1,inactive,460.534,2.6275,1,6,4.721246399
1678,CHEMBL3897864,COc1ccc(C(=O)C2CCN(C3CCN(CC(=O)Nc4nnc5n4CCS5)C3=O)CC2)cc1,inactive,484.582,1.5267,1,9,4.721246399
1679,CHEMBL3964994,COc1ccc(C(=O)C2CCN([C@@H]3CCN(CC(=O)Nc4nnc5n4CCS5)C3=O)CC2)cc1,inactive,484.582,1.5267,1,9,4.721246399
1682,CHEMBL4110589,C[C@H](c1ccccc1)N(Cc1nc2c(c(=O)[nH]1)COCC2)C(=O)CN1CCC(C(=O)c2ccc(F)cc2)CC1,inactive,532.616,3.6664,1,6,4.721246399
1683,CHEMBL3961412,COc1ccc(C(=O)C2CCN(CC(=O)N(Cc3nc4c(c(=O)[nH]3)CCCC4)CC3CC3)CC2)cc1,inactive,492.62,2.9908,1,6,4.785156152
1686,CHEMBL3932754,COc1ccc(C(=O)C2CCN(CC(=O)NCc3nc4c(c(=O)[nH]3)CCC4)CC2)cc1,inactive,424.501,1.4783,2,6,4.747146969
1687,CHEMBL3901978,COc1ccc(C(=O)C2CCN(CC(=O)NCc3nc(C)c(C)c(=O)[nH]3)CC2)cc1,inactive,412.49,1.60644,2,6,4.721246399
1688,CHEMBL3929923,CC(C)(C)CN(Cc1nc2c(c(=O)[nH]1)COCC2)C(=O)CN1CCC(C(=O)c2ccc(F)cc2)CC1,inactive,498.599,2.9513,1,6,4.721246399
1689,CHEMBL3914416,O=C(c1ccc(F)cc1)C1CCN(CC(=O)N(Cc2ccc(F)cc2)Cc2nc3c(c(=O)[nH]2)COCC3)CC1,inactive,536.579,3.2445,1,6,4.721246399
1690,CHEMBL3938947,COc1ccc(CN(Cc2nc3c(c(=O)[nH]2)COCC3)C(=O)CN2CCC(C(=O)c3ccc(F)cc3)CC2)cc1,inactive,548.615,3.114,1,7,4.721246399
1691,CHEMBL3956490,O=C(c1ccc(F)cc1)C1CCN(CC(=O)N(Cc2nc3c(c(=O)[nH]2)COCC3)Cc2nc3ccccc3s2)CC1,inactive,575.666,3.7151,1,8,4.721246399
1692,CHEMBL3985156,COc1cccc(CN(Cc2nc3c(c(=O)[nH]2)COCC3)C(=O)CN2CCC(C(=O)c3ccc(F)cc3)CC2)c1,inactive,548.615,3.114,1,7,4.721246399
1693,CHEMBL3937250,O=C(c1ccc(F)cc1)C1CCN(CC(=O)N(Cc2cccc(F)c2)Cc2nc3c(c(=O)[nH]2)COCC3)CC1,inactive,536.579,3.2445,1,6,4.721246399
1694,CHEMBL3919581,C[C@@H](c1ccccc1)N(Cc1nc2c(c(=O)[nH]1)COCC2)C(=O)CN1CCC(C(=O)c2ccc(F)cc2)CC1,inactive,532.616,3.6664,1,6,4.721246399
1695,CHEMBL2419705,O=C(c1ccc(F)cc1)C1CCN(CC(=O)N(Cc2nc3c(c(=O)[nH]2)COCC3)CC2CC2)CC1,inactive,482.556,2.3152,1,6,4.721246399
1696,CHEMBL3964642,CC[C@H](C)CN(Cc1nc2c(c(=O)[nH]1)COCC2)C(=O)CN1CCC(C(=O)c2ccc(F)cc2)CC1,inactive,498.599,2.9513,1,6,4.721246399
1697,CHEMBL3965278,C#CCN(Cc1nc2c(c(=O)[nH]1)COCC2)C(=O)CN1CCC(C(=O)c2ccc(F)cc2)CC1,inactive,466.513,1.5384,1,6,4.721246399
1698,CHEMBL3892864,O=C(c1ccc(F)cc1)C1CCN(CC(=O)N(Cc2nc3c(c(=O)[nH]2)COCC3)C[C@@H]2CCCO2)CC1,inactive,512.582,2.0842,1,7,4.721246399
1699,CHEMBL4110045,O=C(c1ccc(F)cc1)C1CCN(CC(=O)N(Cc2nc3c(c(=O)[nH]2)COCC3)C[C@H]2CCCO2)CC1,inactive,512.582,2.0842,1,7,4.721246399
1700,CHEMBL3898270,CC[C@H](C)N(Cc1nc2c(c(=O)[nH]1)COCC2)C(=O)CN1CCC(C(=O)c2ccc(F)cc2)CC1,inactive,484.572,2.7037,1,6,4.721246399
1701,CHEMBL4109734,CC[C@@H](C)N(Cc1nc2c(c(=O)[nH]1)COCC2)C(=O)CN1CCC(C(=O)c2ccc(F)cc2)CC1,inactive,484.572,2.7037,1,6,4.721246399
1702,CHEMBL3907294,CC(C)N(Cc1nc2c(c(=O)[nH]1)COCC2)C(=O)CN1CCC(C(=O)c2ccc(F)cc2)CC1,inactive,470.545,2.3136,1,6,4.721246399
1703,CHEMBL4113551,C[C@H](c1ccc(F)cc1)N(Cc1nc2c(c(=O)[nH]1)COCC2)C(=O)CN1CCC(C(=O)c2ccc(F)cc2)CC1,inactive,550.606,3.8055,1,6,4.721246399
1704,CHEMBL3987175,CC(c1ccc(F)cc1F)N(Cc1nc2c(c(=O)[nH]1)COCC2)C(=O)CN1CCC(C(=O)c2ccc(F)cc2)CC1,inactive,568.596,3.9446,1,6,4.721246399
1705,CHEMBL3945618,O=C(c1ccc(F)cc1)C1CCN(CC(=O)N(Cc2nc3c(c(=O)[nH]2)COCC3)Cc2ccccc2F)CC1,inactive,536.579,3.2445,1,6,4.721246399
1706,CHEMBL3933577,O=C(c1ccc(F)cc1)C1CCN(CC(=O)N(Cc2nc3c(c(=O)[nH]2)COCC3)Cc2ccc(F)cc2F)CC1,inactive,554.569,3.3836,1,6,4.721246399
1707,CHEMBL4112739,C[C@H](C1CC1)N(Cc1nc2c(c(=O)[nH]1)COCC2)C(=O)CN1CCC(C(=O)c2ccc(F)cc2)CC1,inactive,496.583,2.7037,1,6,4.721246399
1708,CHEMBL3940284,C[C@@H](C1CC1)N(Cc1nc2c(c(=O)[nH]1)COCC2)C(=O)CN1CCC(C(=O)c2ccc(F)cc2)CC1,inactive,496.583,2.7037,1,6,4.721246399
1709,CHEMBL3963547,N#CCN(Cc1nc2c(c(=O)[nH]1)COCC2)C(=O)CN1CCC(C(=O)c2ccc(F)cc2)CC1,inactive,467.501,1.42878,1,7,4.721246399
1710,CHEMBL3922251,O=C(c1ccc(F)cc1)C1CCN(CC(=O)N(CCF)Cc2nc3c(c(=O)[nH]2)COCC3)CC1,inactive,474.508,1.8747,1,6,4.721246399
1711,CHEMBL3983088,O=C(c1ccc(F)cc1)C1CCN(CC(=O)N(Cc2nc3c(c(=O)[nH]2)COCC3)CC(F)F)CC1,inactive,492.498,2.1703,1,6,4.721246399
1712,CHEMBL3913243,N#Cc1ccc(CN(Cc2nc3c(c(=O)[nH]2)COCC3)C(=O)CN2CCC(C(=O)c3ccc(F)cc3)CC2)s1,inactive,549.628,3.03858,1,8,4.721246399
1713,CHEMBL3941313,O=C(c1ccc(F)cc1)C1CCN(CC(=O)N(Cc2nc3c(c(=O)[nH]2)COCC3)CC(F)(F)F)CC1,inactive,510.488,2.4675,1,6,4.721246399
1714,CHEMBL3986804,CC(c1cccs1)N(Cc1nc2c(c(=O)[nH]1)COCC2)C(=O)CN1CCC(C(=O)c2ccc(F)cc2)CC1,inactive,538.645,3.7279,1,7,4.721246399
1715,CHEMBL3935111,COc1ccc(C(=O)C2CCN(CC(=O)N(Cc3nc4c(c(=O)[nH]3)COCC4)CC(F)F)CC2)cc1,inactive,504.534,2.0398,1,7,4.721246399
1717,CHEMBL3940683,COCCN(Cc1nc2c(c(=O)[nH]1)COCC2)C(=O)CN1CCC(C(=O)c2ccc(OC)cc2)CC1,inactive,498.58,1.4211,1,8,4.721246399
1720,CHEMBL3986246,COc1ccc(C(=O)C2CCN(CC(=O)NCc3nc4c(c(=O)[nH]3)COCC4)CC2)cc1,inactive,440.5,1.0623,2,7,5
1721,CHEMBL3891789,O=C(c1ccc(OC(F)(F)F)cc1)C1CCN(CC(=O)N(Cc2nc3c(c(=O)[nH]2)COCC3)CC2CC2)CC1,inactive,548.562,3.0747,1,7,4.721246399
1722,CHEMBL3975140,O=C(c1ccc(OC(F)(F)F)cc1)C1CCN(CC(=O)N(Cc2nc3c(c(=O)[nH]2)COCC3)CC(F)F)CC1,inactive,558.504,2.9298,1,7,4.721246399
1723,CHEMBL3946798,COc1cccc(C(=O)C2CCN(CC(=O)N(Cc3nc4c(c(=O)[nH]3)COCC4)CC(F)F)CC2)c1,inactive,504.534,2.0398,1,7,4.721246399
1724,CHEMBL3955426,CC#CCOc1ccc(C(=O)C2CCN(CC(=O)N(Cc3nc4c(c(=O)[nH]3)COCC4)CC3CC3)CC2)cc1,inactive,532.641,2.5782,1,7,4.832682665
1725,CHEMBL3902386,O=C(CN1CCC(n2c(=O)[nH]c3ccccc32)CC1)NCc1nc2c(c(=O)[nH]1)COCC2,inactive,438.488,0.4389,3,7,4.48945499
1733,CHEMBL3939009,O=C(CN1CCC(C(=O)c2ccc3c(c2)CCO3)CC1)NCc1nc2c(c(=O)[nH]1)COCC2,inactive,452.511,0.9886,2,7,4.777283529
1734,CHEMBL3967549,COc1ccc(C(=O)C2CCN(CC(=O)NCc3nc4c(c(=O)[nH]3)COCC4)CC2)cc1C,inactive,454.527,1.37072,2,7,4.76700389
1883,CHEMBL4063631,Nc1ccc(C(=O)Nc2cccc3cccnc23)cc1,inactive,263.3,3.0693,2,3,4
1884,CHEMBL1956162,O=C(Nc1cccc2cccnc12)c1ccc(N2C(=O)[C@H]3[C@H]4CC[C@H](C4)[C@H]3C2=O)cc1,inactive,411.461,4.0226,1,4,4
1956,CHEMBL1910509,O=C1NC(=O)/C(=C/c2c[nH]c3ccccc23)S1,inactive,244.275,2.4918,2,3,4
1959,CHEMBL4069154,Cc1ccc(Cn2cc(/C=C3\SC(=O)NC3=O)c3ccccc32)cc1,inactive,348.427,4.32192,1,4,4.855425792
1962,CHEMBL4082372,O=C1NC(=O)/C(=C/c2cn(Cc3ccc(Cl)cc3)c3ccccc23)S1,inactive,368.845,4.6669,1,4,4
1965,CHEMBL4079898,O=C1NC(=O)/C(=C/c2cn(Cc3ccccc3)c3ccccc23)S1,inactive,334.4,4.0135,1,4,4
1966,CHEMBL4095003,N#Cc1ccc2c(c1)[nH]c(=O)n2[C@H]1C[C@H](c2nnc(-c3ccncn3)n2-c2ccccc2Cl)C1,inactive,468.908,4.01108,1,8,4
1997,CHEMBL1438938,NC(=O)c1ccc(Oc2ccc(C(N)=O)cc2)cc1,inactive,256.261,1.6767,2,3,4
1998,CHEMBL4129789,NC(=O)c1ccc(Oc2cccc(C(=O)N3CCC(c4ccc(F)cc4)CC3)c2)cc1,inactive,418.468,4.7367,1,3,4
1999,CHEMBL4129001,NC(=O)c1ccc(Oc2cccc(C(=O)N3CCN(c4ccc(F)cc4)CC3)c2)cc1,inactive,419.456,3.6793,1,4,4.721246399
2000,CHEMBL4125748,NC(=O)c1ccc(Oc2cccc(C(=O)N3CCC(O)(c4ccc(F)cc4)CC3)c2)cc1,inactive,434.467,3.8407,2,4,4
2041,CHEMBL4171592,NC(=O)c1cccc2[nH]c(-c3ccccc3N)nc12,inactive,252.277,1.911,3,3,4.301029996
2142,CHEMBL4287655,NC(=O)c1ccc(Oc2ccc(C=O)cc2)cc1,inactive,241.246,2.3903,1,3,4
2143,CHEMBL4287262,NC(=O)c1ccc(Oc2ccc(C(=O)O)cc2)cc1,inactive,257.245,2.276,2,3,4
2144,CHEMBL449635,COc1ccc(C(N)=O)cc1,inactive,151.165,0.7941,1,2,4.244125144
2145,CHEMBL4208737,NC(=O)c1ccc(OCc2ccccc2F)cc1,inactive,245.253,2.5036,1,2,4
2204,CHEMBL4545565,Cc1c(-c2ccnc(C(F)(F)F)c2)ccc2c1CCNC2=O,inactive,306.287,3.36172,1,2,4
2206,CHEMBL4290134,CC(C)(C)c1ccc(-c2nc3ccccc3c(=O)[nH]2)cc1,inactive,278.355,3.8876,1,2,5
2230,CHEMBL4448872,O=c1[nH]c(N2CCC3(CC2)CN(CCO)c2cc(F)cc(F)c23)nc2c1CCCC2,inactive,416.472,2.2774,2,5,4
2231,CHEMBL4449082,C[C@H]1CN(c2cc(F)c3c(c2)N(C)C(=O)C32CCN(c3nc4c(c(=O)[nH]3)CCCN4C)CC2)C[C@@H](C)O1,inactive,510.614,2.4196,1,7,4.740238933
2232,CHEMBL2325503,CS(=O)(=O)c1ccc(-c2nnc(/C=C/c3nnc(-c4ccc(C#N)cc4)o3)n2-c2ccccc2Cl)nc1,inactive,529.969,4.47828,0,10,4
2263,CHEMBL4454483,COc1ccccc1N1CCN(c2nc3c(c(=O)[nH]2)CCCC3)CC1,inactive,340.427,1.9839,1,5,4.698970004
2264,CHEMBL4076368,COc1cccc(N2CCN(c3nc4c(c(=O)[nH]3)CCCC4)CC2)c1,inactive,340.427,1.9839,1,5,4.698970004
2265,CHEMBL4442353,COc1ccc(N2CCN(c3nc4c(c(=O)[nH]3)CCCC4)CC2)cc1,inactive,340.427,1.9839,1,5,4.698970004
2266,CHEMBL4452246,COc1ccccc1N1CCN(c2nc3c(c(=O)[nH]2)CSCC3)CC1,inactive,358.467,1.8944,1,6,4.698970004
2267,CHEMBL4538780,COc1cccc(N2CCN(c3nc4c(c(=O)[nH]3)CSCC4)CC2)c1,inactive,358.467,1.8944,1,6,4.698970004
2268,CHEMBL4453770,COc1ccc(N2CCN(c3nc4c(c(=O)[nH]3)CSCC4)CC2)cc1,inactive,358.467,1.8944,1,6,4.698970004
2269,CHEMBL4466835,COc1ccccc1N1CCN(c2nc3c(c(=O)[nH]2)COCC3)CC1,inactive,342.399,1.1778,1,6,4.698970004
2270,CHEMBL4446309,COc1ccc(N2CCN(c3nc4c(c(=O)[nH]3)COCC4)CC2)cc1,inactive,342.399,1.1778,1,6,4.698970004
2271,CHEMBL4475497,COc1ccccc1N1CCN(c2nc3c(c(=O)[nH]2)CC(F)(F)CC3)CC1,inactive,376.407,2.2291,1,5,4.698970004
2272,CHEMBL4461036,COc1ccc(N2CCN(c3nc4c(c(=O)[nH]3)CC(F)(F)CC4)CC2)cc1,inactive,376.407,2.2291,1,5,4.698970004
2273,CHEMBL4556137,COc1ccccc1N1CCN(c2nc3c(c(=O)[nH]2)C[S+]([O-])CC3)CC1,inactive,374.466,0.9099,1,6,4.698970004
2274,CHEMBL4582338,COc1ccccc1N1CCCN(c2nc3c(c(=O)[nH]2)CCCC3)CC1,inactive,354.454,2.374,1,5,4.698970004
2275,CHEMBL4471982,COc1ccccc1C1=CCN(c2nc3c(c(=O)[nH]2)CCCC3)CC1,inactive,337.423,2.951,1,4,4.698970004
2276,CHEMBL4444671,COc1ccccc1C1CCN(c2nc3c(c(=O)[nH]2)CCCC3)CC1,inactive,339.439,3.0413,1,4,4.698970004
2277,CHEMBL4452289,O=c1[nH]c(N2CCC3(CC2)COc2ccccc23)nc2c1CCCC2,inactive,337.423,2.5793,1,4,4.698970004
2278,CHEMBL4575275,O=C1Oc2ccccc2C12CCN(c1nc3c(c(=O)[nH]1)CCCC3)CC2,inactive,351.406,2.1059,1,5,4.698970004
2279,CHEMBL4551975,O=c1[nH]c(N2CCC3(CC2)OCc2ccccc23)nc2c1CCCC2,inactive,337.423,2.6746,1,4,4.698970004
2280,CHEMBL4442606,O=C1OC2(CCN(c3nc4c(c(=O)[nH]3)CCCC4)CC2)c2ccccc21,inactive,351.406,2.3148,1,5,4.698970004
2281,CHEMBL4476087,O=c1[nH]c(N2CCC3(CC2)CNc2ccccc23)nc2c1CCCC2,inactive,336.439,2.6124,2,4,4.698970004
2282,CHEMBL4555506,O=C1Nc2ccccc2C12CCN(c1nc3c(c(=O)[nH]1)CCCC3)CC2,inactive,350.422,2.139,2,4,4.698970004
2283,CHEMBL4456595,O=c1[nH]c(N2CCC3(CC2)NCc2ccccc23)nc2c1CCCC2,inactive,336.439,2.2476,2,4,4.698970004
2284,CHEMBL4516906,O=C1NC2(CCN(c3nc4c(c(=O)[nH]3)CCCC4)CC2)c2ccccc21,inactive,350.422,1.8878,2,4,4.698970004
2285,CHEMBL4579514,O=c1[nH]c(N2CCC3(CC2)CN(CCO)c2ccccc23)nc2c1CCCC2,inactive,380.492,1.9992,2,5,4.698970004
2286,CHEMBL4560087,O=c1[nH]c(N2CCC3(CC2)CN(CCO)c2cccc(F)c23)nc2c1CCCC2,inactive,398.482,2.1383,2,5,4.698970004
2287,CHEMBL4535636,O=c1[nH]c(N2CCC3(CC2)CN(CCO)c2cccc(Cl)c23)nc2c1CCCC2,inactive,414.937,2.6526,2,5,4.698970004
2288,CHEMBL4591423,O=c1[nH]c(N2CCC3(CC2)CN(CCO)c2cc(Cl)cc(Cl)c23)nc2c1CCCC2,inactive,449.382,3.306,2,5,4.698970004
2289,CHEMBL4545585,O=C1N(CCO)c2ccccc2C12CCN(c1nc3c(c(=O)[nH]1)CCCC3)CC2,inactive,394.475,1.5258,2,5,4.698970004
2290,CHEMBL4577914,O=C1N(CCO)c2cccc(F)c2C12CCN(c1nc3c(c(=O)[nH]1)CCCC3)CC2,inactive,412.465,1.6649,2,5,4.698970004
2291,CHEMBL4483558,O=C1N(CCO)c2cccc(Cl)c2C12CCN(c1nc3c(c(=O)[nH]1)CCCC3)CC2,inactive,428.92,2.1792,2,5,4.698970004
2292,CHEMBL4554146,O=C1N(CCO)c2cc(F)cc(F)c2C12CCN(c1nc3c(c(=O)[nH]1)CCCC3)CC2,inactive,430.455,1.804,2,5,4.698970004
2293,CHEMBL4461149,O=C1N(CCO)c2cc(Cl)cc(Cl)c2C12CCN(c1nc3c(c(=O)[nH]1)CCCC3)CC2,inactive,463.365,2.8326,2,5,4.698970004
2297,CHEMBL4532631,COc1cc(O)cc(C)c1-c1cc(O)cc2cc3c(c(O)c12)C(=O)c1c(O)cc(O)cc1C3(C)C,inactive,472.493,5.22212,5,7,4.737311656
2298,CHEMBL4471983,COc1cc(O)cc(C)c1-c1cc(O)cc2cc3c(c(O)c12)C(=O)c1c(cc(O)c(Cl)c1O)C3(C)C,inactive,506.938,5.87552,5,7,4.812479279
2335,CHEMBL4469504,C[C@@H]1NC(=O)[C@@H](C)NC1=O,inactive,142.158,-0.9906,2,2,2.37675071
2336,CHEMBL4453320,C[C@@H]1NC(=O)[C@H](C)NC1=O,inactive,142.158,-0.9906,2,2,3.045757491
2347,CHEMBL4633637,CCOc1ccc(-c2nnc([C@H]3C[C@H](NC(=O)c4ccccn4)C3)n2-c2ccccc2F)nc1,inactive,458.497,3.9381,1,7,5
