stat,label
381.6555587209312,meanMWac
349.3543791946309,meanMWin
87.93080539741646,SDMWac
119.31607981677188,SDMWin
2.6575235872093095,meanLogPac
2.606249328859063,meanLogPin
1.1666524803910296,SDLogPac
1.5187515135139447,SDLogPin
1.7988372093023255,meanNumHDonorsac
1.3859060402684564,meanNumHDonorsin
0.8159255726426682,SDNumHDonorsac
0.7926871261921266,SDNumHDonorsin
4.562209302325582,meanNumHAcceptorsac
4.221476510067114,meanNumHAcceptorsin
1.5344300662035137,SDNumHAcceptorsac
2.064109325478468,SDNumHAcceptorsin
